,Actual value,Predicted value
6491,0.0,2.2842192317630863
4992,0.0,2.2842192317630863
3519,0.0,2.2842192317630863
945,0.0,2.2842192317630863
70,0.0,2.2842192317630863
4283,0.0,2.2842192317630863
5022,0.0,2.2842192317630863
1317,0.0,2.2842192317630863
4138,20.9,2.2842192317630863
2423,5.9,17.46440280407526
2578,0.0,2.2842192317630863
4703,0.0,2.2842192317630863
670,0.0,2.2842192317630863
4879,13.7,2.2842192317630863
7206,14.8,2.2842192317630863
5208,22.4,2.2842192317630863
799,0.0,2.2842192317630863
2505,0.0,2.2842192317630863
224,0.0,2.2842192317630863
7172,0.0,2.2842192317630863
3962,0.0,2.2842192317630863
1190,0.0,2.2842192317630863
5486,4.4,5.203485303361582
6498,4.4,5.4224302587314686
212,0.0,2.2842192317630863
3823,14.1,2.2842192317630863
1005,4.6,10.67710918760876
6539,44.3,2.2842192317630863
4865,0.0,2.2842192317630863
2653,0.0,2.2842192317630863
5736,0.0,2.2842192317630863
4336,0.0,2.2842192317630863
3453,0.0,2.2842192317630863
3445,0.0,2.2842192317630863
1578,0.0,2.2842192317630863
3107,0.0,2.2842192317630863
5288,14.6,8.26871467854
5419,0.0,2.2842192317630863
3316,0.0,2.2842192317630863
1842,0.0,2.2842192317630863
1459,0.0,2.2842192317630863
1546,0.0,2.2842192317630863
3537,0.0,2.2842192317630863
2049,0.0,2.2842192317630863
692,0.0,2.2842192317630863
2063,0.0,2.2842192317630863
160,0.0,2.2842192317630863
1251,0.0,2.2842192317630863
1624,0.0,2.2842192317630863
917,0.0,2.2842192317630863
4526,1.9,2.2842192317630863
6775,0.0,2.2842192317630863
4365,0.0,2.2842192317630863
1465,0.0,2.2842192317630863
3644,0.0,2.2842192317630863
2829,0.0,2.2842192317630863
1116,0.0,2.2842192317630863
5313,0.0,2.2842192317630863
5667,0.0,2.2842192317630863
4272,0.0,2.2842192317630863
6720,0.0,2.2842192317630863
6395,0.0,2.2842192317630863
4378,0.0,2.2842192317630863
1292,0.0,2.2842192317630863
2644,0.0,2.2842192317630863
4430,0.0,2.2842192317630863
4053,0.0,2.2842192317630863
4273,0.0,2.2842192317630863
6733,0.0,2.2842192317630863
7241,1.8,2.2842192317630863
1387,0.0,2.2842192317630863
4652,0.0,2.2842192317630863
4281,0.0,2.2842192317630863
5258,0.0,2.2842192317630863
912,0.0,2.2842192317630863
6394,0.0,2.2842192317630863
259,0.0,2.2842192317630863
4331,0.0,2.2842192317630863
1020,0.0,2.2842192317630863
4314,0.0,2.2842192317630863
505,0.0,2.2842192317630863
1638,0.0,2.2842192317630863
2980,4.4,2.2842192317630863
6648,0.0,2.2842192317630863
6982,0.0,2.2842192317630863
4625,0.0,2.2842192317630863
4057,0.0,2.2842192317630863
4539,7.4,2.2842192317630863
2707,0.0,2.2842192317630863
4302,1.8,2.2842192317630863
3165,0.0,2.2842192317630863
262,0.0,2.2842192317630863
5863,46.7,2.2842192317630863
7212,33.2,2.2842192317630863
6144,0.0,2.2842192317630863
5203,0.0,2.2842192317630863
3237,0.0,2.2842192317630863
4438,0.0,2.2842192317630863
2606,0.0,2.2842192317630863
3836,0.0,2.2842192317630863
4664,0.0,2.2842192317630863
5548,0.0,2.2842192317630863
5978,0.0,2.2842192317630863
3770,0.0,2.2842192317630863
3484,0.0,2.2842192317630863
5286,4.4,5.057521999781656
5319,0.0,2.2842192317630863
6749,26.2,16.88054958975556
109,0.0,2.2842192317630863
639,0.0,2.2842192317630863
738,0.0,2.2842192317630863
3507,0.0,2.2842192317630863
6994,0.0,2.2842192317630863
4843,0.0,2.2842192317630863
6375,0.0,2.2842192317630863
971,0.0,2.2842192317630863
2365,0.0,2.2842192317630863
3238,35.8,2.2842192317630863
1550,0.0,2.2842192317630863
6893,0.0,2.2842192317630863
6169,1.8,2.2842192317630863
4284,0.0,2.2842192317630863
5440,0.0,2.2842192317630863
1218,0.0,2.2842192317630863
5862,12.7,2.2842192317630863
6361,0.0,2.2842192317630863
4669,0.0,2.2842192317630863
6398,0.0,2.2842192317630863
3085,0.0,2.2842192317630863
2014,0.0,2.2842192317630863
2914,0.0,2.2842192317630863
7157,0.0,2.2842192317630863
4764,0.0,2.2842192317630863
1127,0.0,2.2842192317630863
1095,0.0,2.2842192317630863
5827,0.0,2.2842192317630863
5287,4.4,5.714356865891318
213,0.0,2.2842192317630863
877,0.0,2.2842192317630863
4999,0.0,2.2842192317630863
4814,0.0,2.2842192317630863
1845,0.0,2.2842192317630863
3680,0.0,2.2842192317630863
3270,0.0,2.2842192317630863
6599,0.0,2.2842192317630863
5424,0.0,2.2842192317630863
3717,0.0,2.2842192317630863
556,39.7,9.728347714339248
1873,0.0,2.2842192317630863
1350,0.0,2.2842192317630863
4734,0.0,2.2842192317630863
2692,0.0,2.2842192317630863
6010,0.0,2.2842192317630863
4911,0.0,2.2842192317630863
2665,0.0,2.2842192317630863
2593,0.0,2.2842192317630863
3889,0.0,2.2842192317630863
1525,0.0,2.2842192317630863
1915,0.0,2.2842192317630863
3736,5.1,11.26096240192846
5580,0.0,2.2842192317630863
6155,0.0,2.2842192317630863
4145,26.3,10.385182580448909
6164,0.0,2.2842192317630863
5263,0.0,2.2842192317630863
3663,0.0,2.2842192317630863
1415,0.0,2.2842192317630863
6746,36.0,13.961283518157067
3464,0.0,2.2842192317630863
499,0.0,2.2842192317630863
2793,0.0,2.2842192317630863
4836,0.0,2.2842192317630863
1634,0.0,2.2842192317630863
633,0.0,2.2842192317630863
3884,0.0,2.2842192317630863
5395,4.4,7.1739899016905655
414,0.0,2.2842192317630863
1689,0.0,2.2842192317630863
6331,0.0,2.2842192317630863
730,0.0,2.2842192317630863
4442,0.0,2.2842192317630863
4939,0.0,2.2842192317630863
1790,0.0,2.2842192317630863
5858,0.0,2.2842192317630863
4502,0.0,2.2842192317630863
5251,6.2,2.2842192317630863
258,0.0,2.2842192317630863
3448,0.0,2.2842192317630863
1909,0.0,2.2842192317630863
6934,13.2,5.641375214101355
5009,0.0,2.2842192317630863
6800,0.0,2.2842192317630863
5042,0.0,2.2842192317630863
1955,0.0,2.2842192317630863
4840,0.0,2.2842192317630863
3756,31.0,14.837063339636615
4525,0.0,2.2842192317630863
1160,0.0,2.2842192317630863
4054,0.0,2.2842192317630863
4620,0.0,2.2842192317630863
2231,0.0,2.2842192317630863
2181,0.0,2.2842192317630863
667,0.0,2.2842192317630863
5377,0.0,2.2842192317630863
1045,0.0,2.2842192317630863
5089,0.0,2.2842192317630863
4122,0.0,2.2842192317630863
2415,0.0,2.2842192317630863
5753,0.0,2.2842192317630863
6459,0.0,2.2842192317630863
954,0.0,2.2842192317630863
316,0.0,2.2842192317630863
4425,0.0,2.2842192317630863
1819,0.0,2.2842192317630863
6568,0.0,2.2842192317630863
3568,4.4,7.684861464220303
2199,0.0,2.2842192317630863
6796,1.8,2.2842192317630863
301,0.0,2.2842192317630863
7242,5.6,2.2842192317630863
1904,0.0,2.2842192317630863
2256,0.0,2.2842192317630863
1551,0.0,2.2842192317630863
2270,0.0,2.2842192317630863
4317,9.8,2.2842192317630863
2902,0.0,2.2842192317630863
5703,1.8,2.2842192317630863
5200,0.0,2.2842192317630863
2559,0.0,2.2842192317630863
2616,0.0,2.2842192317630863
884,0.0,2.2842192317630863
1207,0.0,2.2842192317630863
397,0.0,2.2842192317630863
2302,28.1,11.990778919828085
2768,0.0,2.2842192317630863
6215,0.0,2.2842192317630863
7237,23.6,2.2842192317630863
3865,0.0,2.2842192317630863
3991,0.0,2.2842192317630863
3036,0.0,2.2842192317630863
1840,0.0,2.2842192317630863
6884,0.0,2.2842192317630863
4299,0.0,2.2842192317630863
3995,0.0,2.2842192317630863
1433,0.0,2.2842192317630863
6861,0.0,2.2842192317630863
3207,0.0,2.2842192317630863
5935,0.0,2.2842192317630863
2206,0.0,2.2842192317630863
4258,15.4,7.2469715534805275
5021,0.0,2.2842192317630863
3197,18.9,2.2842192317630863
5893,15.7,2.2842192317630863
2057,0.0,2.2842192317630863
1956,0.0,2.2842192317630863
6441,0.0,2.2842192317630863
6234,0.0,2.2842192317630863
1290,0.0,2.2842192317630863
3799,0.0,2.2842192317630863
5238,0.0,2.2842192317630863
5237,0.0,2.2842192317630863
6626,4.4,21.47839365252319
5375,0.0,2.2842192317630863
683,0.0,2.2842192317630863
5964,0.0,2.2842192317630863
1240,8.2,7.392934857060452
4506,0.0,2.2842192317630863
2394,0.0,2.2842192317630863
4137,4.9,2.2842192317630863
3774,0.0,2.2842192317630863
5848,16.6,2.2842192317630863
3931,0.0,2.2842192317630863
5373,0.0,2.2842192317630863
3106,0.0,2.2842192317630863
4196,0.0,2.2842192317630863
5540,0.0,2.2842192317630863
3934,0.0,2.2842192317630863
4399,0.0,2.2842192317630863
7276,0.0,2.2842192317630863
1905,0.0,2.2842192317630863
5515,0.0,2.2842192317630863
5253,0.0,2.2842192317630863
3355,0.0,2.2842192317630863
3662,0.0,2.2842192317630863
509,0.0,2.2842192317630863
674,0.0,2.2842192317630863
374,15.8,2.2842192317630863
4995,0.0,2.2842192317630863
3876,0.0,2.2842192317630863
2677,0.0,2.2842192317630863
395,0.0,2.2842192317630863
7080,0.0,2.2842192317630863
827,12.0,5.568393562311393
2613,0.0,2.2842192317630863
2867,0.0,2.2842192317630863
6918,0.0,2.2842192317630863
4015,0.0,2.2842192317630863
681,0.0,2.2842192317630863
1486,0.0,2.2842192317630863
3412,0.0,2.2842192317630863
6705,0.0,2.2842192317630863
1439,23.1,2.2842192317630863
4593,12.5,2.2842192317630863
2728,0.0,2.2842192317630863
3501,0.0,2.2842192317630863
1703,0.0,2.2842192317630863
6862,0.0,2.2842192317630863
857,0.0,2.2842192317630863
3513,0.0,2.2842192317630863
5671,3.0,2.2842192317630863
3076,0.0,2.2842192317630863
133,0.0,2.2842192317630863
5001,0.0,2.2842192317630863
330,0.0,2.2842192317630863
768,0.0,2.2842192317630863
5494,0.0,2.2842192317630863
2825,0.0,2.2842192317630863
2078,0.0,2.2842192317630863
6472,38.5,2.2842192317630863
1510,0.0,2.2842192317630863
3377,0.0,2.2842192317630863
2067,0.0,2.2842192317630863
6636,0.0,2.2842192317630863
1726,0.0,2.2842192317630863
1935,0.0,2.2842192317630863
3489,0.0,2.2842192317630863
6172,0.0,2.2842192317630863
4494,0.0,2.2842192317630863
1666,0.0,2.2842192317630863
739,0.0,2.2842192317630863
6558,0.0,2.2842192317630863
2042,0.0,2.2842192317630863
4434,0.0,2.2842192317630863
4783,0.0,2.2842192317630863
634,0.0,2.2842192317630863
6081,0.0,2.2842192317630863
3604,15.1,5.714356865891318
5118,14.8,2.2842192317630863
6389,1.8,2.2842192317630863
3089,0.0,2.2842192317630863
1825,0.0,2.2842192317630863
2991,0.0,2.2842192317630863
2249,0.0,2.2842192317630863
5872,0.0,2.2842192317630863
4974,19.1,17.318439500495337
5834,37.7,2.2842192317630863
7183,0.0,2.2842192317630863
2645,0.0,2.2842192317630863
6313,0.0,2.2842192317630863
4128,15.6,2.2842192317630863
5886,37.0,2.2842192317630863
3202,1.8,2.2842192317630863
2973,0.0,2.2842192317630863
6731,0.0,2.2842192317630863
2666,0.0,2.2842192317630863
3198,1.8,2.2842192317630863
5854,1.9,2.2842192317630863
5059,0.0,2.2842192317630863
5316,0.0,2.2842192317630863
4817,0.0,2.2842192317630863
4332,0.0,2.2842192317630863
4243,1.8,2.2842192317630863
5198,0.0,2.2842192317630863
2234,0.0,2.2842192317630863
6232,0.0,2.2842192317630863
3554,12.3,20.675595482833604
6676,0.0,2.2842192317630863
3335,0.0,2.2842192317630863
7326,0.0,2.2842192317630863
341,0.0,2.2842192317630863
4313,0.0,2.2842192317630863
1875,0.0,2.2842192317630863
3695,0.0,2.2842192317630863
6752,23.9,20.456650527463715
5480,31.8,13.231467000257442
6615,0.0,2.2842192317630863
3955,0.0,2.2842192317630863
6809,0.0,2.2842192317630863
2279,0.0,2.2842192317630863
3024,0.0,2.2842192317630863
538,7.7,4.838577044411769
5312,0.0,2.2842192317630863
6962,0.0,2.2842192317630863
5309,0.0,2.2842192317630863
6744,26.6,4.838577044411769
4250,17.4,22.13522851863285
5210,0.0,2.2842192317630863
2076,0.0,2.2842192317630863
4479,2.8,2.2842192317630863
6524,0.0,2.2842192317630863
236,0.0,2.2842192317630863
4001,0.0,2.2842192317630863
3226,6.2,2.2842192317630863
5545,0.0,2.2842192317630863
155,0.0,2.2842192317630863
1070,15.4,6.517155035580904
5524,0.0,2.2842192317630863
55,0.0,2.2842192317630863
2881,0.0,2.2842192317630863
646,0.0,2.2842192317630863
3558,4.4,5.641375214101355
1324,0.0,2.2842192317630863
3789,0.0,2.2842192317630863
6294,11.2,2.2842192317630863
3643,0.0,2.2842192317630863
3584,0.0,2.2842192317630863
1476,0.0,2.2842192317630863
1890,0.0,2.2842192317630863
1924,0.0,2.2842192317630863
3310,0.0,2.2842192317630863
3144,0.0,2.2842192317630863
7195,0.0,2.2842192317630863
1612,0.0,2.2842192317630863
1233,22.0,13.450411955627331
4913,0.0,2.2842192317630863
2853,0.0,2.2842192317630863
2046,0.0,2.2842192317630863
2165,0.0,2.2842192317630863
6853,14.0,8.998531196439625
4684,0.0,2.2842192317630863
4077,21.0,2.2842192317630863
1850,0.0,2.2842192317630863
1663,0.0,2.2842192317630863
2620,0.0,2.2842192317630863
6281,21.6,2.2842192317630863
1187,5.1,19.799815661354057
3204,1.8,2.2842192317630863
2228,0.0,2.2842192317630863
1159,0.0,2.2842192317630863
3971,0.0,2.2842192317630863
5942,1.8,2.2842192317630863
6202,0.0,2.2842192317630863
4060,0.0,2.2842192317630863
5054,0.0,2.2842192317630863
1039,0.0,2.2842192317630863
1395,0.0,2.2842192317630863
2855,0.0,2.2842192317630863
6964,0.0,2.2842192317630863
1248,0.0,2.2842192317630863
4847,3.4,2.2842192317630863
4993,0.0,2.2842192317630863
6255,6.1,2.2842192317630863
2996,0.0,2.2842192317630863
143,0.0,2.2842192317630863
6396,0.0,2.2842192317630863
6557,0.0,2.2842192317630863
5090,0.0,2.2842192317630863
582,0.0,2.2842192317630863
2596,0.0,2.2842192317630863
2601,0.0,2.2842192317630863
5376,0.0,2.2842192317630863
1564,0.0,2.2842192317630863
2489,0.0,2.2842192317630863
6079,0.0,2.2842192317630863
4197,0.0,2.2842192317630863
1630,0.0,2.2842192317630863
4426,0.0,2.2842192317630863
4310,0.0,2.2842192317630863
2161,0.0,2.2842192317630863
1891,0.0,2.2842192317630863
2260,0.0,2.2842192317630863
1256,0.0,2.2842192317630863
1861,0.0,2.2842192317630863
6827,6.3,2.2842192317630863
2030,4.4,4.108760526512146
7231,0.0,2.2842192317630863
7142,0.0,2.2842192317630863
4740,0.0,2.2842192317630863
5371,0.0,2.2842192317630863
843,0.0,2.2842192317630863
5887,27.7,2.2842192317630863
1524,0.0,2.2842192317630863
5804,1.8,2.2842192317630863
5791,0.0,2.2842192317630863
6200,0.0,2.2842192317630863
4680,0.0,2.2842192317630863
1876,0.0,2.2842192317630863
1829,0.0,2.2842192317630863
5569,0.0,2.2842192317630863
801,0.0,2.2842192317630863
2995,0.0,2.2842192317630863
6304,0.0,2.2842192317630863
2153,0.0,2.2842192317630863
2497,0.0,2.2842192317630863
4815,0.0,2.2842192317630863
5751,0.0,2.2842192317630863
2422,0.0,2.2842192317630863
429,7.8,18.99701749166447
5385,0.0,2.2842192317630863
5876,0.0,2.2842192317630863
2175,0.0,2.2842192317630863
378,0.0,2.2842192317630863
3113,0.0,2.2842192317630863
6005,0.0,2.2842192317630863
6628,37.6,11.187980750138497
3808,0.0,2.2842192317630863
5149,12.4,2.2842192317630863
6075,0.0,2.2842192317630863
5655,0.0,2.2842192317630863
6688,0.0,2.2842192317630863
4022,1.8,2.2842192317630863
2486,0.0,2.2842192317630863
4347,0.0,2.2842192317630863
5616,1.8,2.2842192317630863
6667,0.0,2.2842192317630863
1658,0.0,2.2842192317630863
3678,0.0,2.2842192317630863
4361,0.0,2.2842192317630863
5010,0.0,2.2842192317630863
6603,0.0,2.2842192317630863
3175,18.6,2.2842192317630863
311,0.0,2.2842192317630863
2466,0.0,2.2842192317630863
2948,0.0,2.2842192317630863
2900,0.0,2.2842192317630863
1782,0.0,2.2842192317630863
5614,1.8,2.2842192317630863
2164,0.0,2.2842192317630863
5943,0.0,2.2842192317630863
1188,0.0,2.2842192317630863
755,0.0,2.2842192317630863
7162,0.0,2.2842192317630863
3973,0.0,2.2842192317630863
4751,0.0,2.2842192317630863
1513,0.0,2.2842192317630863
544,23.4,9.363439455389436
3101,0.0,2.2842192317630863
5498,0.0,2.2842192317630863
6323,0.0,2.2842192317630863
5306,0.0,2.2842192317630863
5172,4.1,2.2842192317630863
1686,0.0,2.2842192317630863
3750,11.6,9.071512848229588
1724,0.0,2.2842192317630863
3389,0.0,2.2842192317630863
6989,0.0,2.2842192317630863
666,0.0,2.2842192317630863
6198,0.0,2.2842192317630863
2209,0.0,2.2842192317630863
5734,0.0,2.2842192317630863
3033,0.0,2.2842192317630863
1174,0.0,2.2842192317630863
6226,0.0,2.2842192317630863
2035,0.0,2.2842192317630863
3534,0.0,2.2842192317630863
6066,0.0,2.2842192317630863
6727,0.0,2.2842192317630863
3045,0.0,2.2842192317630863
7009,0.0,2.2842192317630863
5195,0.0,2.2842192317630863
6003,0.0,2.2842192317630863
4551,0.0,2.2842192317630863
336,0.0,2.2842192317630863
5822,25.8,2.2842192317630863
3540,0.0,2.2842192317630863
4715,0.0,2.2842192317630863
830,34.0,21.47839365252319
6365,0.0,2.2842192317630863
1089,0.0,2.2842192317630863
504,0.0,2.2842192317630863
3007,0.0,2.2842192317630863
5150,1.8,2.2842192317630863
3940,0.0,2.2842192317630863
5745,0.0,2.2842192317630863
5178,0.0,2.2842192317630863
956,0.0,2.2842192317630863
847,0.0,2.2842192317630863
6470,0.0,2.2842192317630863
5367,0.0,2.2842192317630863
5177,0.0,2.2842192317630863
5250,35.6,2.2842192317630863
5142,0.0,2.2842192317630863
4897,0.0,2.2842192317630863
4092,31.6,16.953531241545527
4591,30.0,2.2842192317630863
4294,0.0,2.2842192317630863
803,0.0,2.2842192317630863
1941,0.0,2.2842192317630863
2229,0.0,2.2842192317630863
4809,0.0,2.2842192317630863
6095,0.0,2.2842192317630863
3407,0.0,2.2842192317630863
534,0.0,2.2842192317630863
6007,0.0,2.2842192317630863
4461,0.0,2.2842192317630863
6567,0.0,2.2842192317630863
3783,0.0,2.2842192317630863
4633,0.0,2.2842192317630863
1834,0.0,2.2842192317630863
6945,0.0,2.2842192317630863
7259,1.8,2.2842192317630863
5413,0.0,2.2842192317630863
1806,0.0,2.2842192317630863
2169,0.0,2.2842192317630863
3225,0.0,2.2842192317630863
578,0.0,2.2842192317630863
6260,1.8,2.2842192317630863
5766,0.0,2.2842192317630863
5900,15.6,2.2842192317630863
5411,0.0,2.2842192317630863
2028,37.8,10.823072491188682
4144,19.2,9.509402758969362
2239,0.0,2.2842192317630863
4033,27.2,12.939540393097595
6122,0.0,2.2842192317630863
3626,30.4,11.187980750138497
7046,0.0,2.2842192317630863
45,0.0,2.2842192317630863
6681,0.0,2.2842192317630863
5499,0.0,2.2842192317630863
6985,0.0,2.2842192317630863
2574,0.0,2.2842192317630863
2882,0.0,2.2842192317630863
537,24.5,2.2842192317630863
3939,0.0,2.2842192317630863
6956,0.0,2.2842192317630863
4274,0.0,2.2842192317630863
2471,0.0,2.2842192317630863
3854,0.0,2.2842192317630863
5261,0.0,2.2842192317630863
1138,0.0,2.2842192317630863
1029,0.0,2.2842192317630863
1377,0.0,2.2842192317630863
5432,0.0,2.2842192317630863
2813,0.0,2.2842192317630863
6519,0.0,2.2842192317630863
248,0.0,2.2842192317630863
176,0.0,2.2842192317630863
6604,0.0,2.2842192317630863
6378,40.3,2.2842192317630863
4012,0.0,2.2842192317630863
6562,0.0,2.2842192317630863
6490,4.2,2.2842192317630863
5542,0.0,2.2842192317630863
171,0.0,2.2842192317630863
459,0.0,2.2842192317630863
4844,0.0,2.2842192317630863
453,0.0,2.2842192317630863
4599,1.8,2.2842192317630863
1717,0.0,2.2842192317630863
4231,43.9,2.2842192317630863
6999,0.0,2.2842192317630863
1649,0.0,2.2842192317630863
4244,15.5,2.2842192317630863
6258,6.3,2.2842192317630863
4379,0.0,2.2842192317630863
2192,0.0,2.2842192317630863
6706,0.0,2.2842192317630863
4011,0.0,2.2842192317630863
5885,19.2,2.2842192317630863
4632,0.0,2.2842192317630863
5711,3.7,2.2842192317630863
6221,0.0,2.2842192317630863
2738,0.0,2.2842192317630863
1271,0.0,2.2842192317630863
1672,0.0,2.2842192317630863
1408,0.0,2.2842192317630863
1448,0.0,2.2842192317630863
137,0.0,2.2842192317630863
1715,0.0,2.2842192317630863
2391,0.0,2.2842192317630863
5399,0.0,2.2842192317630863
3548,0.0,2.2842192317630863
5362,0.0,2.2842192317630863
3475,0.0,2.2842192317630863
589,0.0,2.2842192317630863
4488,0.0,2.2842192317630863
7171,0.0,2.2842192317630863
4061,0.0,2.2842192317630863
3509,0.0,2.2842192317630863
3953,0.0,2.2842192317630863
3346,0.0,2.2842192317630863
4328,0.0,2.2842192317630863
6412,13.2,2.2842192317630863
4097,18.6,12.501650482357817
5748,0.0,2.2842192317630863
5588,0.0,2.2842192317630863
4406,0.0,2.2842192317630863
778,0.0,2.2842192317630863
1622,0.0,2.2842192317630863
747,0.0,2.2842192317630863
2114,0.0,2.2842192317630863
6416,0.0,2.2842192317630863
6564,0.0,2.2842192317630863
1253,0.0,2.2842192317630863
1234,8.1,27.53587075109007
3582,0.0,2.2842192317630863
6546,37.2,2.2842192317630863
5535,0.0,2.2842192317630863
3607,4.4,5.495411910521431
7085,0.0,2.2842192317630863
3062,5.7,4.473668785461958
5724,0.0,2.2842192317630863
6834,0.0,2.2842192317630863
6677,0.0,2.2842192317630863
4868,0.0,2.2842192317630863
6855,4.4,26.003256063500856
1299,0.0,2.2842192317630863
5422,0.0,2.2842192317630863
4046,29.7,7.101008249900603
3923,0.0,2.2842192317630863
2944,0.0,2.2842192317630863
6156,0.0,2.2842192317630863
782,0.0,2.2842192317630863
3012,30.0,2.2842192317630863
2925,0.0,2.2842192317630863
2523,8.2,7.976788071380152
1577,0.0,2.2842192317630863
3866,0.0,2.2842192317630863
3918,0.0,2.2842192317630863
120,0.0,2.2842192317630863
2567,0.0,2.2842192317630863
5459,0.0,2.2842192317630863
6932,23.4,9.144494500019551
5356,0.0,2.2842192317630863
3762,13.4,4.911558696201732
2481,0.0,2.2842192317630863
493,0.0,2.2842192317630863
7066,0.0,2.2842192317630863
4907,0.0,2.2842192317630863
3749,20.7,12.866558741307632
5603,0.0,2.2842192317630863
5046,0.0,2.2842192317630863
4952,0.0,2.2842192317630863
3176,15.5,2.2842192317630863
6063,0.0,2.2842192317630863
3149,0.0,2.2842192317630863
6896,0.0,2.2842192317630863
3009,27.7,2.2842192317630863
7003,0.0,2.2842192317630863
5460,0.0,2.2842192317630863
1557,0.0,2.2842192317630863
3591,0.0,2.2842192317630863
1933,0.0,2.2842192317630863
68,0.0,2.2842192317630863
6917,0.0,2.2842192317630863
625,0.0,2.2842192317630863
4002,4.8,2.2842192317630863
3635,0.0,2.2842192317630863
383,0.0,2.2842192317630863
497,0.0,2.2842192317630863
193,0.0,2.2842192317630863
5639,1.8,2.2842192317630863
1038,0.0,2.2842192317630863
6530,0.0,2.2842192317630863
4869,0.0,2.2842192317630863
2238,0.0,2.2842192317630863
7239,12.4,2.2842192317630863
1859,0.0,2.2842192317630863
250,0.0,2.2842192317630863
1888,0.0,2.2842192317630863
742,0.0,2.2842192317630863
1505,0.0,2.2842192317630863
1499,0.0,2.2842192317630863
2070,0.0,2.2842192317630863
972,0.0,2.2842192317630863
2232,0.0,2.2842192317630863
1196,0.0,2.2842192317630863
1938,0.0,2.2842192317630863
2941,0.0,2.2842192317630863
1443,0.0,2.2842192317630863
4744,0.0,2.2842192317630863
3044,0.0,2.2842192317630863
5136,0.0,2.2842192317630863
4577,0.0,2.2842192317630863
5344,0.0,2.2842192317630863
6335,7.4,4.6926137408318445
2821,0.0,2.2842192317630863
1093,0.0,2.2842192317630863
6326,0.0,2.2842192317630863
3551,0.0,2.2842192317630863
304,0.0,2.2842192317630863
6035,0.0,2.2842192317630863
1091,0.0,2.2842192317630863
829,23.9,11.333944053718422
2988,0.0,2.2842192317630863
964,0.0,2.2842192317630863
1306,0.0,2.2842192317630863
791,0.0,2.2842192317630863
2894,0.0,2.2842192317630863
4747,0.0,2.2842192317630863
4933,0.0,2.2842192317630863
608,0.0,2.2842192317630863
4899,0.0,2.2842192317630863
4773,0.0,2.2842192317630863
1146,0.0,2.2842192317630863
6515,0.0,2.2842192317630863
1608,0.0,2.2842192317630863
1615,0.0,2.2842192317630863
4485,0.0,2.2842192317630863
4342,0.0,2.2842192317630863
1423,0.0,2.2842192317630863
5532,0.0,2.2842192317630863
3739,4.4,7.028026598110641
5303,0.0,2.2842192317630863
5830,24.9,2.2842192317630863
6001,0.0,2.2842192317630863
2638,0.0,2.2842192317630863
123,0.0,2.2842192317630863
4413,0.0,2.2842192317630863
2771,0.0,2.2842192317630863
6902,0.0,2.2842192317630863
511,39.5,2.2842192317630863
2946,0.0,2.2842192317630863
3855,0.0,2.2842192317630863
7088,0.0,2.2842192317630863
4005,10.8,2.2842192317630863
74,0.0,2.2842192317630863
2667,0.0,2.2842192317630863
4309,0.0,2.2842192317630863
1753,0.0,2.2842192317630863
1568,0.0,2.2842192317630863
5428,0.0,2.2842192317630863
4496,0.0,2.2842192317630863
7284,0.0,2.2842192317630863
5720,0.0,2.2842192317630863
2934,0.0,2.2842192317630863
4481,7.3,2.2842192317630863
1811,0.0,2.2842192317630863
980,0.0,2.2842192317630863
6254,1.8,2.2842192317630863
2417,4.4,27.02499918856033
5405,0.0,2.2842192317630863
5683,6.4,27.24394414393022
559,0.0,2.2842192317630863
4303,0.0,2.2842192317630863
3677,0.0,2.2842192317630863
136,0.0,2.2842192317630863
642,0.0,2.2842192317630863
893,0.0,2.2842192317630863
360,0.0,2.2842192317630863
1325,0.0,2.2842192317630863
5496,0.0,2.2842192317630863
7236,23.3,2.2842192317630863
5823,37.6,2.2842192317630863
4017,0.0,2.2842192317630863
6662,0.0,2.2842192317630863
1541,0.0,2.2842192317630863
6358,0.0,2.2842192317630863
5450,0.0,2.2842192317630863
1544,0.0,2.2842192317630863
2113,0.0,2.2842192317630863
6619,13.5,2.2842192317630863
4702,0.0,2.2842192317630863
1800,0.0,2.2842192317630863
1894,0.0,2.2842192317630863
4637,0.0,2.2842192317630863
3989,0.0,2.2842192317630863
6422,0.0,2.2842192317630863
3968,0.0,2.2842192317630863
6067,0.0,2.2842192317630863
4082,14.3,2.2842192317630863
83,22.9,2.2842192317630863
4139,36.1,2.2842192317630863
3768,5.89,17.09949454512545
2901,0.0,2.2842192317630863
6704,0.0,2.2842192317630863
6597,0.0,2.2842192317630863
2483,0.0,2.2842192317630863
1868,0.0,2.2842192317630863
2748,0.0,2.2842192317630863
6522,0.0,2.2842192317630863
7098,0.0,2.2842192317630863
1179,0.0,2.2842192317630863
2989,0.0,2.2842192317630863
585,0.0,2.2842192317630863
4582,0.0,14.545136732476767
2530,9.1,8.56064128569985
5851,10.7,2.2842192317630863
1621,0.0,2.2842192317630863
5610,0.0,2.2842192317630863
2140,7.0,4.400687133671996
889,0.0,2.2842192317630863
498,0.0,2.2842192317630863
309,0.0,2.2842192317630863
3502,0.0,2.2842192317630863
3827,0.0,2.2842192317630863
4040,25.6,14.180228473526952
3969,0.0,2.2842192317630863
5372,0.0,2.2842192317630863
6910,0.0,2.2842192317630863
2878,0.0,2.2842192317630863
2711,0.0,2.2842192317630863
4578,0.0,2.2842192317630863
54,0.0,2.2842192317630863
7233,0.0,2.2842192317630863
1180,0.0,2.2842192317630863
5350,0.0,2.2842192317630863
4920,0.0,2.2842192317630863
1745,0.0,2.2842192317630863
3308,0.0,2.2842192317630863
2920,0.0,2.2842192317630863
5874,0.0,2.2842192317630863
4385,0.0,2.2842192317630863
461,0.0,2.2842192317630863
6778,0.0,2.2842192317630863
6650,0.0,2.2842192317630863
3725,0.0,2.2842192317630863
7297,0.0,2.2842192317630863
5349,0.0,2.2842192317630863
519,28.8,2.2842192317630863
3798,0.0,2.2842192317630863
4853,0.0,2.2842192317630863
4648,0.0,2.2842192317630863
5086,0.0,2.2842192317630863
5660,0.0,2.2842192317630863
3614,16.3,9.217476151809512
5125,17.6,9.801329366129211
3657,0.0,2.2842192317630863
4565,24.5,2.2842192317630863
6610,0.0,2.2842192317630863
5665,0.0,2.2842192317630863
5341,0.0,2.2842192317630863
2651,0.0,2.2842192317630863
163,0.0,2.2842192317630863
1165,0.0,2.2842192317630863
940,0.0,2.2842192317630863
1489,0.0,2.2842192317630863
3127,0.0,2.2842192317630863
4165,1.8,2.2842192317630863
7258,3.2,2.2842192317630863
406,0.0,2.2842192317630863
5088,0.0,2.2842192317630863
80,20.2,2.2842192317630863
2388,0.0,2.2842192317630863
1255,0.0,2.2842192317630863
2128,0.0,2.2842192317630863
4955,0.0,2.2842192317630863
3495,0.0,2.2842192317630863
3399,0.0,2.2842192317630863
5680,41.4,2.2842192317630863
2268,0.0,2.2842192317630863
529,0.0,2.2842192317630863
3241,0.0,2.2842192317630863
4618,0.0,2.2842192317630863
4095,4.4,21.40541200073323
677,0.0,2.2842192317630863
6161,0.0,2.2842192317630863
4016,0.0,2.2842192317630863
7312,0.0,2.2842192317630863
5278,8.5,2.2842192317630863
7250,0.0,2.2842192317630863
4027,34.8,2.2842192317630863
6895,0.0,2.2842192317630863
6032,0.0,2.2842192317630863
7226,37.7,2.2842192317630863
5530,0.0,2.2842192317630863
5262,0.0,2.2842192317630863
5592,1.8,2.2842192317630863
4527,3.5,2.2842192317630863
798,0.0,2.2842192317630863
185,0.0,2.2842192317630863
2424,0.0,2.2842192317630863
6016,0.0,2.2842192317630863
356,0.0,2.2842192317630863
1269,0.0,2.2842192317630863
3712,0.0,2.2842192317630863
1417,0.0,2.2842192317630863
1068,17.6,24.835549634861458
2281,0.0,2.2842192317630863
3595,0.0,2.2842192317630863
7087,0.0,2.2842192317630863
4624,0.0,2.2842192317630863
4503,0.0,2.2842192317630863
114,0.0,2.2842192317630863
5777,0.0,2.2842192317630863
952,0.0,2.2842192317630863
6282,1.8,2.2842192317630863
5849,47.1,2.2842192317630863
2038,0.0,2.2842192317630863
3628,0.0,2.2842192317630863
4282,0.0,2.2842192317630863
5243,0.0,2.2842192317630863
7330,0.0,2.2842192317630863
4021,1.8,2.2842192317630863
1477,0.0,2.2842192317630863
24,0.0,2.2842192317630863
1281,0.0,2.2842192317630863
4866,0.0,2.2842192317630863
5426,0.0,2.2842192317630863
1966,0.0,2.2842192317630863
710,27.2,16.734586286175638
7225,15.8,2.2842192317630863
6307,0.0,2.2842192317630863
3578,0.0,2.2842192317630863
5819,0.0,2.2842192317630863
2923,0.0,2.2842192317630863
6493,0.0,2.2842192317630863
1133,0.0,2.2842192317630863
4969,17.2,8.341696330329963
5015,0.0,2.2842192317630863
3334,11.4,2.2842192317630863
1175,0.0,2.2842192317630863
1740,0.0,2.2842192317630863
745,0.0,2.2842192317630863
1379,0.0,2.2842192317630863
4634,0.0,2.2842192317630863
552,5.7,19.94577896493398
2186,0.0,2.2842192317630863
2618,0.0,2.2842192317630863
3403,0.0,2.2842192317630863
3506,0.0,2.2842192317630863
4117,0.0,2.2842192317630863
3041,0.0,2.2842192317630863
5427,0.0,2.2842192317630863
3035,0.0,2.2842192317630863
4396,0.0,2.2842192317630863
4675,0.0,2.2842192317630863
4737,0.0,2.2842192317630863
372,0.0,2.2842192317630863
4926,0.0,2.2842192317630863
4665,0.0,2.2842192317630863
4228,0.0,2.2842192317630863
4160,13.5,9.874311017919172
6356,0.0,2.2842192317630863
3350,41.9,2.2842192317630863
2151,0.0,2.2842192317630863
4932,0.0,2.2842192317630863
5694,0.0,2.2842192317630863
3724,0.0,2.2842192317630863
292,0.0,2.2842192317630863
4107,0.0,2.2842192317630863
286,0.0,2.2842192317630863
2670,0.0,2.2842192317630863
3123,0.0,2.2842192317630863
1862,0.0,2.2842192317630863
3942,0.0,2.2842192317630863
1571,0.0,2.2842192317630863
5083,0.0,2.2842192317630863
3080,0.0,2.2842192317630863
4408,0.0,2.2842192317630863
3325,0.0,2.2842192317630863
5002,0.0,2.2842192317630863
3699,0.0,2.2842192317630863
6675,0.0,2.2842192317630863
3309,0.0,2.2842192317630863
2922,0.0,2.2842192317630863
3922,0.0,2.2842192317630863
1183,0.0,2.2842192317630863
7332,0.0,2.2842192317630863
39,24.9,2.2842192317630863
678,0.0,2.2842192317630863
6319,0.0,2.2842192317630863
763,0.0,2.2842192317630863
470,0.0,2.2842192317630863
86,0.0,2.2842192317630863
5793,0.0,2.2842192317630863
247,0.0,2.2842192317630863
3581,0.0,2.2842192317630863
228,0.0,2.2842192317630863
4516,0.0,2.2842192317630863
3936,0.0,2.2842192317630863
2675,0.0,2.2842192317630863
3640,0.0,2.2842192317630863
318,0.0,2.2842192317630863
7144,0.0,2.2842192317630863
277,0.0,2.2842192317630863
1881,0.0,2.2842192317630863
3290,0.0,2.2842192317630863
2200,0.0,2.2842192317630863
4556,0.0,2.2842192317630863
2860,0.0,2.2842192317630863
6687,0.0,2.2842192317630863
508,0.0,2.2842192317630863
6819,0.0,2.2842192317630863
3034,0.0,2.2842192317630863
1534,0.0,2.2842192317630863
6764,0.0,2.2842192317630863
78,6.4,2.2842192317630863
3386,0.0,2.2842192317630863
5027,0.0,2.2842192317630863
2836,0.0,2.2842192317630863
5891,18.7,2.2842192317630863
5987,41.3,2.2842192317630863
5948,0.0,2.2842192317630863
5913,13.0,2.2842192317630863
531,0.0,2.2842192317630863
4917,0.0,2.2842192317630863
6635,0.0,2.2842192317630863
5847,24.6,2.2842192317630863
4967,17.5,9.363439455389436
6760,0.0,2.2842192317630863
7267,0.0,2.2842192317630863
2545,0.0,2.2842192317630863
7329,0.0,2.2842192317630863
2400,0.0,2.2842192317630863
6085,0.0,2.2842192317630863
607,0.0,2.2842192317630863
6102,0.0,2.2842192317630863
2926,0.0,2.2842192317630863
4576,0.0,2.2842192317630863
2805,0.0,2.2842192317630863
4575,9.0,2.2842192317630863
2060,0.0,2.2842192317630863
3565,4.4,17.829311063025074
5442,0.0,2.2842192317630863
5801,2.3,2.2842192317630863
5980,0.0,2.2842192317630863
3759,17.9,8.706604589279776
2571,0.0,2.2842192317630863
3976,0.0,2.2842192317630863
6397,0.0,2.2842192317630863
780,0.0,2.2842192317630863
3742,9.0,26.003256063500856
1247,0.0,2.2842192317630863
4174,0.0,2.2842192317630863
183,0.0,2.2842192317630863
5171,16.9,2.2842192317630863
5220,0.0,2.2842192317630863
6131,0.0,2.2842192317630863
6673,0.0,2.2842192317630863
469,0.0,2.2842192317630863
5520,0.0,2.2842192317630863
1469,0.0,2.2842192317630863
2588,0.0,2.2842192317630863
7051,0.0,2.2842192317630863
3613,16.1,22.4271551257927
891,0.0,2.2842192317630863
5158,15.8,2.2842192317630863
3482,0.0,2.2842192317630863
6987,0.0,2.2842192317630863
7105,32.8,2.2842192317630863
6119,0.0,2.2842192317630863
4188,0.0,2.2842192317630863
4942,0.0,2.2842192317630863
334,0.0,2.2842192317630863
442,0.0,2.2842192317630863
96,0.0,2.2842192317630863
4877,13.7,2.2842192317630863
422,9.1,7.757843116010265
3559,30.7,11.187980750138497
7021,0.0,2.2842192317630863
1172,0.0,2.2842192317630863
6607,0.0,2.2842192317630863
2796,0.0,2.2842192317630863
5314,0.0,2.2842192317630863
3215,18.4,2.2842192317630863
2075,0.0,2.2842192317630863
4081,30.1,2.2842192317630863
5227,33.1,2.2842192317630863
1733,0.0,2.2842192317630863
3247,0.0,2.2842192317630863
1758,0.0,2.2842192317630863
486,0.0,2.2842192317630863
3219,2.1,2.2842192317630863
6475,10.1,2.2842192317630863
665,0.0,2.2842192317630863
2502,0.0,2.2842192317630863
1731,0.0,2.2842192317630863
1682,0.0,2.2842192317630863
2332,0.0,2.2842192317630863
5244,0.0,2.2842192317630863
2755,0.0,2.2842192317630863
59,13.6,2.2842192317630863
7324,0.0,2.2842192317630863
818,0.0,23.88678816159195
1807,0.0,2.2842192317630863
2315,15.0,27.973760661829843
5990,0.0,2.2842192317630863
3862,0.0,2.2842192317630863
1044,0.0,2.2842192317630863
1380,0.0,2.2842192317630863
6634,0.0,2.2842192317630863
603,0.0,2.2842192317630863
2201,0.0,2.2842192317630863
4195,0.0,2.2842192317630863
3527,0.0,2.2842192317630863
4329,0.0,2.2842192317630863
6489,4.2,2.2842192317630863
2854,0.0,2.2842192317630863
1060,0.0,2.2842192317630863
1461,0.0,2.2842192317630863
6528,0.0,2.2842192317630863
5989,0.0,2.2842192317630863
4112,0.0,2.2842192317630863
6268,0.0,2.2842192317630863
2068,0.0,2.2842192317630863
5755,0.0,2.2842192317630863
3400,0.0,2.2842192317630863
3672,0.0,2.2842192317630863
7091,0.0,2.2842192317630863
3416,0.0,2.2842192317630863
3786,0.0,2.2842192317630863
5584,0.0,2.2842192317630863
2705,0.0,2.2842192317630863
2414,0.0,2.2842192317630863
1331,0.0,2.2842192317630863
1737,0.0,2.2842192317630863
3648,0.0,2.2842192317630863
6859,0.0,2.2842192317630863
1200,0.0,2.2842192317630863
4728,0.0,2.2842192317630863
2157,0.0,2.2842192317630863
4975,0.0,2.2842192317630863
3285,0.0,2.2842192317630863
5363,0.0,2.2842192317630863
1345,0.0,2.2842192317630863
805,0.0,2.2842192317630863
3282,0.0,2.2842192317630863
1767,0.0,2.2842192317630863
196,0.0,2.2842192317630863
3328,0.0,2.2842192317630863
3723,0.0,2.2842192317630863
6881,1.8,2.2842192317630863
217,0.0,2.2842192317630863
6640,0.0,2.2842192317630863
1860,0.0,2.2842192317630863
1693,0.0,2.2842192317630863
2699,23.6,9.874311017919172
6708,0.0,2.2842192317630863
4756,0.0,2.2842192317630863
5820,0.0,2.2842192317630863
7037,20.4,26.73307258140048
969,0.0,2.2842192317630863
7007,0.0,2.2842192317630863
420,26.3,14.764081687846655
2622,0.0,2.2842192317630863
3447,0.0,2.2842192317630863
7293,0.0,2.2842192317630863
3343,1.8,2.2842192317630863
1478,0.0,2.2842192317630863
6000,0.0,2.2842192317630863
5246,1.8,2.2842192317630863
1192,0.0,2.2842192317630863
977,0.0,2.2842192317630863
2240,0.0,2.2842192317630863
4101,0.0,2.2842192317630863
4777,0.0,2.2842192317630863
5277,0.0,2.2842192317630863
4769,0.0,2.2842192317630863
2655,0.0,2.2842192317630863
3263,36.6,2.2842192317630863
5298,0.0,2.2842192317630863
2354,0.0,2.2842192317630863
4094,4.4,21.55137530431315
1827,0.0,2.2842192317630863
7170,0.0,2.2842192317630863
3119,0.0,2.2842192317630863
1236,5.1,18.413164277344773
3752,25.6,23.30293494727225
6185,0.0,2.2842192317630863
1929,0.0,2.2842192317630863
4579,13.6,2.2842192317630863
7141,0.0,2.2842192317630863
659,0.0,2.2842192317630863
5678,31.0,2.2842192317630863
5623,0.0,2.2842192317630863
2187,0.0,2.2842192317630863
4808,0.0,2.2842192317630863
7314,0.0,2.2842192317630863
6990,0.0,2.2842192317630863
4177,0.0,2.2842192317630863
3617,6.6,5.860320169471243
257,0.0,2.2842192317630863
1611,0.0,2.2842192317630863
7148,9.2,19.799815661354057
5960,0.0,2.2842192317630863
5393,23.1,20.82155878641353
2141,0.0,2.2842192317630863
79,17.6,2.2842192317630863
4548,0.0,2.2842192317630863
4697,0.0,2.2842192317630863
629,0.0,2.2842192317630863
7038,11.6,10.750090839398723
933,0.0,2.2842192317630863
6571,0.0,2.2842192317630863
3267,0.0,2.2842192317630863
175,0.0,2.2842192317630863
4746,0.0,2.2842192317630863
2715,0.0,2.2842192317630863
3161,0.0,2.2842192317630863
2930,0.0,2.2842192317630863
2703,13.5,7.028026598110641
5717,0.0,2.2842192317630863
3655,0.0,2.2842192317630863
1054,0.0,2.2842192317630863
1538,0.0,2.2842192317630863
623,0.0,2.2842192317630863
3059,0.0,2.2842192317630863
3493,0.0,2.2842192317630863
2823,0.0,2.2842192317630863
294,0.0,2.2842192317630863
1235,6.5,22.13522851863285
4024,0.0,2.2842192317630863
6916,0.0,2.2842192317630863
4102,0.0,2.2842192317630863
1761,0.0,2.2842192317630863
5825,0.0,2.2842192317630863
3791,0.0,2.2842192317630863
4290,0.0,2.2842192317630863
4108,0.0,2.2842192317630863
2432,0.0,2.2842192317630863
6920,0.0,2.2842192317630863
5609,0.0,2.2842192317630863
167,0.0,2.2842192317630863
1077,25.3,9.363439455389436
4786,0.0,2.2842192317630863
533,0.0,2.2842192317630863
6352,0.0,2.2842192317630863
4207,0.0,2.2842192317630863
4895,0.0,2.2842192317630863
1900,0.0,2.2842192317630863
2425,5.1,2.2842192317630863
6767,36.4,2.2842192317630863
4949,0.0,2.2842192317630863
1430,0.0,2.2842192317630863
3571,20.7,8.56064128569985
2295,4.4,5.495411910521431
764,0.0,2.2842192317630863
3020,13.8,2.2842192317630863
1141,0.0,2.2842192317630863
6745,15.7,7.2469715534805275
1265,0.0,2.2842192317630863
2276,0.0,2.2842192317630863
6942,0.0,2.2842192317630863
3733,0.0,2.2842192317630863
1321,0.0,2.2842192317630863
5098,0.0,2.2842192317630863
4918,0.0,2.2842192317630863
1260,0.0,2.2842192317630863
210,0.0,2.2842192317630863
3396,0.0,2.2842192317630863
1373,0.0,2.2842192317630863
786,0.0,2.2842192317630863
4717,0.0,2.2842192317630863
6118,0.0,2.2842192317630863
3593,0.0,2.2842192317630863
3471,0.0,2.2842192317630863
2287,0.0,2.2842192317630863
184,0.0,2.2842192317630863
1429,0.0,2.2842192317630863
4821,0.0,2.2842192317630863
440,0.0,2.2842192317630863
650,0.0,2.2842192317630863
2263,0.0,2.2842192317630863
3000,0.0,2.2842192317630863
1490,0.0,2.2842192317630863
1308,0.0,2.2842192317630863
6736,0.0,2.2842192317630863
4163,16.2,7.757843116010265
1756,0.0,2.2842192317630863
1117,0.0,2.2842192317630863
759,17.7,2.2842192317630863
5594,0.0,2.2842192317630863
4521,1.8,2.2842192317630863
1262,0.0,2.2842192317630863
4767,0.0,2.2842192317630863
2824,0.0,2.2842192317630863
6447,0.0,2.2842192317630863
300,0.0,2.2842192317630863
7138,0.0,2.2842192317630863
6248,0.0,2.2842192317630863
6882,33.2,2.2842192317630863
5817,0.0,2.2842192317630863
1867,0.0,2.2842192317630863
4838,0.0,2.2842192317630863
840,0.0,2.2842192317630863
4782,0.0,2.2842192317630863
4562,0.0,2.2842192317630863
3666,0.0,2.2842192317630863
153,0.0,2.2842192317630863
2217,0.0,2.2842192317630863
4448,0.0,2.2842192317630863
4978,0.0,2.2842192317630863
6589,0.0,2.2842192317630863
2430,0.0,2.2842192317630863
5799,0.0,2.2842192317630863
4668,0.0,2.2842192317630863
3813,0.0,2.2842192317630863
1528,0.0,2.2842192317630863
3946,0.0,2.2842192317630863
5809,0.0,2.2842192317630863
1596,0.0,2.2842192317630863
3964,0.0,2.2842192317630863
2503,0.0,2.2842192317630863
5652,0.0,2.2842192317630863
2617,0.0,2.2842192317630863
3728,0.0,2.2842192317630863
6488,10.5,2.2842192317630863
645,0.0,2.2842192317630863
1922,0.0,2.2842192317630863
3228,0.0,2.2842192317630863
5410,0.0,2.2842192317630863
5007,0.0,2.2842192317630863
3609,21.6,9.436421107179399
5640,0.0,2.2842192317630863
2870,0.0,2.2842192317630863
792,0.0,2.2842192317630863
398,0.0,2.2842192317630863
5573,0.0,2.2842192317630863
407,0.0,2.2842192317630863
6561,0.0,2.2842192317630863
1222,0.0,2.2842192317630863
1610,0.0,2.2842192317630863
7,0.0,2.2842192317630863
439,0.0,2.2842192317630863
4388,0.0,2.2842192317630863
1676,0.0,2.2842192317630863
3313,0.0,2.2842192317630863
868,0.0,2.2842192317630863
7303,0.0,2.2842192317630863
6098,0.0,2.2842192317630863
2469,0.0,2.2842192317630863
856,0.0,2.2842192317630863
3094,0.0,2.2842192317630863
1388,0.0,2.2842192317630863
5110,19.0,2.2842192317630863
5994,0.0,2.2842192317630863
3924,0.0,2.2842192317630863
2889,0.0,2.2842192317630863
4700,0.0,2.2842192317630863
3714,0.0,2.2842192317630863
3184,0.0,2.2842192317630863
4597,0.0,8.56064128569985
1223,0.0,2.2842192317630863
1493,68.8,2.2842192317630863
282,0.0,2.2842192317630863
3158,0.0,2.2842192317630863
1402,0.0,2.2842192317630863
7020,0.0,2.2842192317630863
5276,0.0,2.2842192317630863
2537,0.0,2.2842192317630863
6154,1.8,2.2842192317630863
3835,0.0,2.2842192317630863
1037,0.0,2.2842192317630863
3960,0.0,2.2842192317630863
7078,0.0,2.2842192317630863
6315,0.0,2.2842192317630863
705,0.0,7.028026598110641
1398,0.0,2.2842192317630863
5649,8.3,2.2842192317630863
6318,0.0,2.2842192317630863
1258,0.0,2.2842192317630863
5122,4.4,24.835549634861458
321,0.0,2.2842192317630863
6110,0.0,2.2842192317630863
684,0.0,2.2842192317630863
5311,0.0,2.2842192317630863
2556,0.0,2.2842192317630863
1864,0.0,2.2842192317630863
1613,0.0,2.2842192317630863
3499,0.0,2.2842192317630863
1320,0.0,2.2842192317630863
5686,15.7,24.616604679491573
2967,0.0,2.2842192317630863
2173,0.0,2.2842192317630863
3365,0.0,2.2842192317630863
6572,5.0,2.2842192317630863
5789,31.5,13.231467000257442
1771,0.0,2.2842192317630863
1593,0.0,2.2842192317630863
6743,45.4,14.691100036056689
1934,0.0,2.2842192317630863
4350,0.0,2.2842192317630863
5743,0.0,2.2842192317630863
5455,0.0,2.2842192317630863
5330,0.0,2.2842192317630863
5732,0.0,2.2842192317630863
5179,0.0,2.2842192317630863
2512,0.0,2.2842192317630863
5774,0.0,2.2842192317630863
5644,0.0,2.2842192317630863
375,36.7,2.2842192317630863
3069,0.0,2.2842192317630863
2093,0.0,2.2842192317630863
5358,0.0,2.2842192317630863
2649,0.0,2.2842192317630863
6474,0.0,2.2842192317630863
391,0.0,2.2842192317630863
2166,0.0,2.2842192317630863
3449,0.0,2.2842192317630863
6076,0.0,2.2842192317630863
7122,0.0,2.2842192317630863
6409,19.0,2.2842192317630863
781,0.0,2.2842192317630863
640,0.0,2.2842192317630863
7131,0.0,2.2842192317630863
5628,0.0,2.2842192317630863
7288,6.95,17.46440280407526
5619,1.8,2.2842192317630863
4790,0.0,2.2842192317630863
1359,17.9,2.2842192317630863
5374,0.0,2.2842192317630863
5910,1.8,2.2842192317630863
2659,0.0,2.2842192317630863
3701,0.0,2.2842192317630863
2787,0.0,2.2842192317630863
3873,0.0,2.2842192317630863
1311,0.0,2.2842192317630863
6244,0.0,2.2842192317630863
2785,0.0,2.2842192317630863
3235,0.0,2.2842192317630863
624,0.0,2.2842192317630863
2147,0.0,2.2842192317630863
3315,0.0,2.2842192317630863
345,0.0,2.2842192317630863
4626,0.0,2.2842192317630863
3117,0.0,2.2842192317630863
141,0.0,2.2842192317630863
3555,4.4,19.65385235777413
5389,25.8,5.349448606941506
1280,0.0,2.2842192317630863
6765,0.0,2.2842192317630863
2761,0.0,2.2842192317630863
926,0.0,2.2842192317630863
2662,0.0,2.2842192317630863
1249,0.0,2.2842192317630863
37,0.0,2.2842192317630863
807,0.0,2.2842192317630863
4722,0.0,2.2842192317630863
2871,0.0,2.2842192317630863
5831,36.9,2.2842192317630863
1472,0.0,2.2842192317630863
5423,0.0,2.2842192317630863
3883,0.0,2.2842192317630863
5292,15.5,7.465916508850415
2807,0.0,2.2842192317630863
3521,0.0,2.2842192317630863
3620,24.7,14.03426516994703
3450,0.0,2.2842192317630863
6499,4.4,4.838577044411769
4535,23.6,2.2842192317630863
2979,0.0,2.2842192317630863
2547,0.0,2.2842192317630863
6402,18.9,2.2842192317630863
6230,0.0,2.2842192317630863
3025,0.0,2.2842192317630863
1683,0.0,2.2842192317630863
4977,0.0,2.2842192317630863
924,0.0,2.2842192317630863
7205,14.6,2.2842192317630863
115,0.0,2.2842192317630863
3959,0.0,2.2842192317630863
5810,0.0,2.2842192317630863
4205,0.0,2.2842192317630863
3767,0.0,2.2842192317630863
373,0.0,2.2842192317630863
6410,20.4,2.2842192317630863
2385,0.0,2.2842192317630863
7307,0.0,2.2842192317630863
3753,15.0,28.776558831519427
5457,0.0,2.2842192317630863
7001,0.0,2.2842192317630863
3051,0.0,2.2842192317630863
379,0.0,2.2842192317630863
3433,0.0,2.2842192317630863
216,0.0,2.2842192317630863
0,0.0,2.2842192317630863
2592,0.0,2.2842192317630863
3398,0.0,2.2842192317630863
1511,0.0,2.2842192317630863
2504,0.0,2.2842192317630863
1435,31.2,2.2842192317630863
1475,0.0,2.2842192317630863
6339,8.9,14.618118384266726
2039,0.0,2.2842192317630863
4428,0.0,2.2842192317630863
749,0.0,2.2842192317630863
1932,0.0,2.2842192317630863
4546,0.0,2.2842192317630863
6578,0.0,2.2842192317630863
3618,4.4,17.683347759445148
6228,0.0,2.2842192317630863
181,0.0,2.2842192317630863
3381,0.0,2.2842192317630863
2935,0.0,2.2842192317630863
2842,0.0,2.2842192317630863
2408,7.0,12.939540393097595
2129,0.0,2.2842192317630863
4886,11.6,2.2842192317630863
4594,17.3,2.2842192317630863
200,0.0,2.2842192317630863
5091,0.0,2.2842192317630863
7240,8.9,2.2842192317630863
5354,0.0,2.2842192317630863
3870,0.0,2.2842192317630863
550,8.3,21.69733860789308
4245,22.0,12.20972387519797
4193,0.0,2.2842192317630863
4996,0.0,2.2842192317630863
4768,0.0,2.2842192317630863
7150,8.6,31.549861599537998
4352,0.0,2.2842192317630863
4360,0.0,2.2842192317630863
5539,0.0,2.2842192317630863
6309,0.0,2.2842192317630863
3292,0.0,2.2842192317630863
6127,0.0,2.2842192317630863
4779,0.0,2.2842192317630863
821,27.2,6.298210080211017
4335,0.0,2.2842192317630863
7320,0.0,2.2842192317630863
1962,0.0,2.2842192317630863
7123,0.0,2.2842192317630863
2374,0.0,2.2842192317630863
195,0.0,2.2842192317630863
1706,0.0,2.2842192317630863
3230,0.0,2.2842192317630863
2109,0.0,2.2842192317630863
2974,0.0,2.2842192317630863
814,13.9,23.5948615544321
4459,0.0,2.2842192317630863
4353,0.0,2.2842192317630863
3864,0.0,2.2842192317630863
5907,4.2,2.2842192317630863
1046,0.0,2.2842192317630863
6177,0.0,2.2842192317630863
3843,0.0,2.2842192317630863
6242,0.0,2.2842192317630863
6858,0.0,2.2842192317630863
2945,0.0,2.2842192317630863
669,0.0,2.2842192317630863
1399,0.0,2.2842192317630863
3602,4.4,4.984540347991695
5145,5.8,2.2842192317630863
5105,5.4,2.2842192317630863
536,10.9,2.2842192317630863
4455,0.0,2.2842192317630863
6272,0.0,2.2842192317630863
5471,0.0,2.2842192317630863
1916,0.0,2.2842192317630863
3250,4.5,2.2842192317630863
5043,0.0,2.2842192317630863
48,0.0,2.2842192317630863
2146,26.4,23.0110083401124
25,0.0,2.2842192317630863
138,0.0,2.2842192317630863
6183,0.0,2.2842192317630863
6848,36.1,12.57463213414778
4247,4.4,3.8168339193522964
5193,1.8,2.2842192317630863
2300,0.0,2.2842192317630863
6891,0.0,2.2842192317630863
2624,0.0,2.2842192317630863
6978,0.0,2.2842192317630863
2661,0.0,2.2842192317630863
6950,0.0,2.2842192317630863
4295,0.0,2.2842192317630863
6463,0.0,2.2842192317630863
4109,0.0,2.2842192317630863
547,6.5,17.75632941123511
6425,0.0,2.2842192317630863
4784,0.0,2.2842192317630863
5097,0.0,2.2842192317630863
587,0.0,2.2842192317630863
6621,0.0,2.2842192317630863
2762,0.0,2.2842192317630863
2990,0.0,2.2842192317630863
6799,0.0,2.2842192317630863
122,0.0,2.2842192317630863
1661,0.0,2.2842192317630863
3109,0.0,2.2842192317630863
3660,0.0,2.2842192317630863
4130,4.9,2.2842192317630863
3217,7.3,2.2842192317630863
3153,0.0,2.2842192317630863
6892,0.0,2.2842192317630863
4208,0.0,2.2842192317630863
4727,0.0,2.2842192317630863
1692,0.0,2.2842192317630863
6702,0.0,2.2842192317630863
7322,0.0,2.2842192317630863
3541,0.0,2.2842192317630863
6287,24.2,2.2842192317630863
4610,0.0,29.72532030478894
3145,0.0,2.2842192317630863
4176,0.0,2.2842192317630863
3834,0.0,2.2842192317630863
4279,0.0,2.2842192317630863
2832,0.0,2.2842192317630863
2619,0.0,2.2842192317630863
6601,0.0,2.2842192317630863
3713,0.0,2.2842192317630863
4681,0.0,2.2842192317630863
5983,0.0,2.2842192317630863
295,0.0,2.2842192317630863
6295,14.2,2.2842192317630863
1847,0.0,2.2842192317630863
1285,0.0,2.2842192317630863
5996,0.0,2.2842192317630863
1952,0.0,2.2842192317630863
4937,0.0,2.2842192317630863
5168,6.3,2.2842192317630863
6418,46.9,2.2842192317630863
2189,0.0,2.2842192317630863
1074,0.0,2.2842192317630863
4592,19.4,2.2842192317630863
1989,0.0,2.2842192317630863
1157,0.0,2.2842192317630863
254,0.0,2.2842192317630863
3473,0.0,2.2842192317630863
7217,9.0,2.2842192317630863
1702,0.0,2.2842192317630863
6400,0.0,2.2842192317630863
431,0.0,5.203485303361582
4571,37.2,2.2842192317630863
320,0.0,2.2842192317630863
445,0.0,2.2842192317630863
2343,0.0,2.2842192317630863
5304,0.0,2.2842192317630863
793,0.0,2.2842192317630863
1632,0.0,2.2842192317630863
1049,0.0,2.2842192317630863
3892,0.0,2.2842192317630863
4990,0.0,2.2842192317630863
353,0.0,2.2842192317630863
914,0.0,2.2842192317630863
1237,5.0,18.486145929134732
1250,0.0,2.2842192317630863
240,0.0,2.2842192317630863
850,0.0,2.2842192317630863
6723,0.0,2.2842192317630863
596,0.0,2.2842192317630863
2452,0.0,2.2842192317630863
1572,0.0,2.2842192317630863
206,19.2,2.2842192317630863
3900,30.1,2.2842192317630863
4462,0.0,2.2842192317630863
691,0.0,2.2842192317630863
5902,29.4,2.2842192317630863
5222,1.8,2.2842192317630863
5214,1.8,2.2842192317630863
1763,0.0,2.2842192317630863
6953,0.0,2.2842192317630863
5085,0.0,2.2842192317630863
5593,0.0,2.2842192317630863
1135,23.2,2.2842192317630863
2597,0.0,2.2842192317630863
6140,0.0,2.2842192317630863
365,0.0,2.2842192317630863
6969,0.0,2.2842192317630863
5479,36.5,12.501650482357817
2576,0.0,2.2842192317630863
4280,0.0,2.2842192317630863
4473,0.0,2.2842192317630863
5194,1.8,2.2842192317630863
6898,0.0,2.2842192317630863
695,0.0,2.2842192317630863
7228,27.3,2.2842192317630863
5000,0.0,2.2842192317630863
1027,0.0,2.2842192317630863
5641,0.0,2.2842192317630863
4246,4.4,4.54665043725192
3787,0.0,2.2842192317630863
6807,0.0,2.2842192317630863
450,0.0,2.2842192317630863
4683,0.0,2.2842192317630863
4232,15.0,2.2842192317630863
5025,0.0,2.2842192317630863
6930,30.0,16.15073307185594
4223,0.0,2.2842192317630863
3260,0.0,2.2842192317630863
1238,0.0,26.36816432245067
6627,15.0,34.39614601934653
4288,0.0,2.2842192317630863
3958,0.0,2.2842192317630863
5493,0.0,2.2842192317630863
4785,0.0,2.2842192317630863
1928,0.0,2.2842192317630863
260,0.0,2.2842192317630863
909,0.0,2.2842192317630863
5267,0.0,2.2842192317630863
921,0.0,2.2842192317630863
2351,0.0,2.2842192317630863
1575,0.0,2.2842192317630863
73,0.0,2.2842192317630863
4945,0.0,2.2842192317630863
3304,0.0,2.2842192317630863
5156,15.8,2.2842192317630863
3589,0.0,2.2842192317630863
3797,0.0,2.2842192317630863
2792,0.0,2.2842192317630863
2632,0.0,2.2842192317630863
4395,0.0,2.2842192317630863
6286,1.8,2.2842192317630863
2818,0.0,2.2842192317630863
3098,0.0,2.2842192317630863
4093,31.3,24.32467807233172
675,0.0,2.2842192317630863
2102,0.0,2.2842192317630863
4874,27.7,2.2842192317630863
2360,0.0,2.2842192317630863
5289,15.3,19.65385235777413
2957,0.0,2.2842192317630863
733,0.0,2.2842192317630863
3963,0.0,2.2842192317630863
6041,0.0,2.2842192317630863
82,23.4,2.2842192317630863
1389,0.0,2.2842192317630863
1669,0.0,2.2842192317630863
3726,0.0,2.2842192317630863
4172,0.0,2.2842192317630863
4278,0.0,2.2842192317630863
7132,0.0,2.2842192317630863
5412,0.0,2.2842192317630863
1329,0.0,2.2842192317630863
5146,24.3,2.2842192317630863
4253,4.4,24.1787147687518
5197,7.5,2.2842192317630863
7167,0.0,2.2842192317630863
2983,14.6,2.2842192317630863
4609,0.0,10.896054142978649
5415,0.0,2.2842192317630863
1910,0.0,2.2842192317630863
3899,4.4,2.2842192317630863
3550,0.0,2.2842192317630863
1125,0.0,2.2842192317630863
4008,0.0,2.2842192317630863
853,0.0,2.2842192317630863
4085,14.3,26.149219367080786
1410,0.0,2.2842192317630863
7248,4.2,2.2842192317630863
358,0.0,2.2842192317630863
6598,0.0,2.2842192317630863
1548,0.0,2.2842192317630863
3380,0.0,2.2842192317630863
1363,20.3,13.377430303837368
400,0.0,2.2842192317630863
1963,0.0,2.2842192317630863
465,0.0,2.2842192317630863
243,0.0,2.2842192317630863
2305,21.3,8.706604589279776
1498,0.0,2.2842192317630863
892,0.0,2.2842192317630863
1381,0.0,2.2842192317630863
5794,0.0,2.2842192317630863
4900,0.0,2.2842192317630863
7113,0.0,2.2842192317630863
1783,0.0,2.2842192317630863
5626,0.0,2.2842192317630863
4475,0.0,2.2842192317630863
5750,0.0,2.2842192317630863
1866,0.0,2.2842192317630863
812,5.9,18.340182625554807
3704,0.0,2.2842192317630863
4520,1.8,2.2842192317630863
6791,7.0,2.2842192317630863
6709,0.0,2.2842192317630863
5897,7.5,2.2842192317630863
3073,0.0,2.2842192317630863
4006,1.8,2.2842192317630863
859,0.0,2.2842192317630863
6458,0.0,2.2842192317630863
1163,0.0,2.2842192317630863
2037,0.0,2.2842192317630863
1583,0.0,2.2842192317630863
4161,18.0,7.31995320527049
3793,0.0,2.2842192317630863
6486,14.6,2.2842192317630863
7238,8.3,2.2842192317630863
5449,0.0,2.2842192317630863
7213,24.9,2.2842192317630863
682,0.0,2.2842192317630863
4885,36.8,2.2842192317630863
5965,0.0,2.2842192317630863
6457,0.0,2.2842192317630863
1843,0.0,2.2842192317630863
6182,0.0,2.2842192317630863
7145,0.0,2.2842192317630863
3208,0.0,2.2842192317630863
3090,0.0,2.2842192317630863
919,0.0,2.2842192317630863
4930,0.0,2.2842192317630863
1220,0.0,2.2842192317630863
4073,13.8,2.2842192317630863
4753,0.0,2.2842192317630863
1307,0.0,2.2842192317630863
1799,0.0,2.2842192317630863
2519,0.0,2.2842192317630863
1982,0.0,2.2842192317630863
92,0.0,2.2842192317630863
3965,0.0,2.2842192317630863
3042,4.4,2.2842192317630863
7010,0.0,2.2842192317630863
7027,0.0,2.2842192317630863
5394,17.9,8.414677982119926
4419,0.0,2.2842192317630863
4241,7.7,2.2842192317630863
1297,0.0,2.2842192317630863
4134,2.5,2.2842192317630863
966,0.0,2.2842192317630863
7319,2.0,2.2842192317630863
1061,0.0,2.2842192317630863
6374,0.0,2.2842192317630863
783,0.0,2.2842192317630863
1004,22.6,2.2842192317630863
6580,0.0,2.2842192317630863
1998,0.0,2.2842192317630863
1739,0.0,2.2842192317630863
1016,0.0,2.2842192317630863
2122,0.0,2.2842192317630863
415,0.0,4.400687133671996
5857,3.3,2.2842192317630863
2917,0.0,2.2842192317630863
4233,12.1,2.2842192317630863
2436,0.0,2.2842192317630863
1195,0.0,2.2842192317630863
2275,0.0,2.2842192317630863
1533,0.0,2.2842192317630863
2334,0.0,2.2842192317630863
5211,1.8,2.2842192317630863
2048,0.0,2.2842192317630863
4739,0.0,2.2842192317630863
1483,0.0,2.2842192317630863
5752,0.0,2.2842192317630863
5713,0.0,2.2842192317630863
7114,16.6,2.2842192317630863
5159,8.3,2.2842192317630863
6111,0.0,2.2842192317630863
387,0.0,2.2842192317630863
1673,0.0,2.2842192317630863
6,0.0,2.2842192317630863
2975,0.0,2.2842192317630863
1752,0.0,2.2842192317630863
3656,0.0,2.2842192317630863
2207,0.0,2.2842192317630863
325,0.0,2.2842192317630863
6532,6.6,2.2842192317630863
1722,0.0,2.2842192317630863
4437,0.0,2.2842192317630863
4417,0.0,2.2842192317630863
2015,29.9,10.67710918760876
507,0.0,2.2842192317630863
597,0.0,2.2842192317630863
6181,0.0,2.2842192317630863
5308,0.0,2.2842192317630863
7045,20.8,8.122751374960076
7119,0.0,2.2842192317630863
4627,0.0,2.2842192317630863
4538,1.8,2.2842192317630863
326,0.0,2.2842192317630863
5219,19.1,2.2842192317630863
1595,0.0,2.2842192317630863
702,16.9,21.259448697153303
5266,0.0,2.2842192317630863
6970,0.0,2.2842192317630863
56,0.0,2.2842192317630863
3737,7.7,6.809081642740754
104,0.0,2.2842192317630863
95,0.0,2.2842192317630863
5975,0.0,2.2842192317630863
2507,0.0,2.2842192317630863
6265,1.8,2.2842192317630863
42,27.0,2.2842192317630863
4698,0.0,2.2842192317630863
253,0.0,2.2842192317630863
2965,0.0,2.2842192317630863
2220,0.0,2.2842192317630863
6020,0.0,2.2842192317630863
3074,0.0,2.2842192317630863
2055,0.0,2.2842192317630863
6993,0.0,2.2842192317630863
826,6.8,5.203485303361582
7106,17.4,2.2842192317630863
7043,22.7,13.961283518157067
6438,0.0,2.2842192317630863
6798,0.0,2.2842192317630863
2213,0.0,2.2842192317630863
1809,0.0,2.2842192317630863
4251,4.4,24.032751465171874
129,0.0,2.2842192317630863
2780,0.0,2.2842192317630863
2040,0.0,2.2842192317630863
1002,39.0,7.757843116010265
3985,0.0,2.2842192317630863
1742,0.0,2.2842192317630863
6348,0.0,2.2842192317630863
5221,3.1,2.2842192317630863
7164,0.0,2.2842192317630863
1588,0.0,2.2842192317630863
2266,0.0,2.2842192317630863
4050,0.0,2.2842192317630863
3826,0.0,2.2842192317630863
2264,0.0,2.2842192317630863
3483,0.0,2.2842192317630863
628,0.0,2.2842192317630863
2235,0.0,2.2842192317630863
5447,0.0,2.2842192317630863
5630,0.0,2.2842192317630863
3252,1.8,2.2842192317630863
4720,0.0,2.2842192317630863
5767,0.0,2.2842192317630863
1554,0.0,2.2842192317630863
3868,0.0,2.2842192317630863
1633,0.0,2.2842192317630863
323,0.0,2.2842192317630863
2815,0.0,2.2842192317630863
335,0.0,2.2842192317630863
1103,0.0,2.2842192317630863
7192,14.1,2.2842192317630863
3898,32.1,2.2842192317630863
6838,0.0,2.2842192317630863
6100,0.0,2.2842192317630863
3233,1.8,2.2842192317630863
2006,0.0,2.2842192317630863
4776,0.0,2.2842192317630863
3155,0.0,2.2842192317630863
5434,0.0,2.2842192317630863
3894,0.0,2.2842192317630863
3174,1.8,2.2842192317630863
7056,0.0,2.2842192317630863
560,0.0,2.2842192317630863
1500,0.0,2.2842192317630863
5611,0.0,2.2842192317630863
5805,0.0,2.2842192317630863
3413,0.0,2.2842192317630863
611,0.0,2.2842192317630863
876,0.0,2.2842192317630863
4181,0.0,2.2842192317630863
2029,8.0,17.09949454512545
2994,0.0,2.2842192317630863
3639,0.0,2.2842192317630863
3266,0.0,2.2842192317630863
4635,0.0,2.2842192317630863
6763,0.0,2.2842192317630863
2561,0.0,2.2842192317630863
1690,0.0,2.2842192317630863
2687,13.0,27.827797358249917
2560,0.0,2.2842192317630863
417,35.4,11.479907357298345
3060,8.8,21.624356956103114
5787,7.0,4.327705481882033
1556,0.0,2.2842192317630863
5925,0.0,2.2842192317630863
1518,0.0,2.2842192317630863
515,27.9,2.2842192317630863
267,0.0,2.2842192317630863
172,0.0,2.2842192317630863
5504,0.0,2.2842192317630863
2866,0.0,2.2842192317630863
2149,0.0,2.2842192317630863
5379,0.0,2.2842192317630863
1995,0.0,2.2842192317630863
2641,0.0,2.2842192317630863
4219,0.0,2.2842192317630863
5018,49.8,2.2842192317630863
5924,0.0,2.2842192317630863
590,0.0,2.2842192317630863
1023,0.0,2.2842192317630863
3903,36.5,2.2842192317630863
5112,17.9,2.2842192317630863
3236,0.0,2.2842192317630863
6555,19.8,2.2842192317630863
6332,4.4,5.203485303361582
1088,0.0,2.2842192317630863
5865,15.1,2.2842192317630863
601,0.0,2.2842192317630863
3622,17.5,9.144494500019551
3535,0.0,2.2842192317630863
4126,25.4,2.2842192317630863
2804,0.0,2.2842192317630863
1333,0.0,2.2842192317630863
6316,0.0,2.2842192317630863
5605,0.0,2.2842192317630863
3021,0.0,2.2842192317630863
3360,0.0,2.2842192317630863
3430,0.0,2.2842192317630863
6251,0.0,2.2842192317630863
1203,0.0,2.2842192317630863
4071,23.8,2.2842192317630863
7272,0.0,2.2842192317630863
2736,0.0,2.2842192317630863
6888,0.0,2.2842192317630863
2999,0.0,2.2842192317630863
5321,0.0,2.2842192317630863
4958,4.4,5.860320169471243
3058,30.6,16.807567937965597
958,0.0,2.2842192317630863
30,0.0,2.2842192317630863
5407,0.0,2.2842192317630863
535,0.0,2.2842192317630863
5957,0.0,2.2842192317630863
4560,0.0,2.2842192317630863
2685,20.0,11.479907357298345
111,21.3,2.2842192317630863
6480,0.0,2.2842192317630863
7086,0.0,2.2842192317630863
2511,0.0,2.2842192317630863
1599,0.0,2.2842192317630863
481,0.0,2.2842192317630863
7111,1.8,2.2842192317630863
5071,0.0,2.2842192317630863
6231,0.0,2.2842192317630863
3156,0.0,2.2842192317630863
7065,0.0,2.2842192317630863
3686,0.0,2.2842192317630863
3111,0.0,2.2842192317630863
2695,27.0,17.75632941123511
6654,0.0,2.2842192317630863
5402,0.0,2.2842192317630863
3882,0.0,2.2842192317630863
4504,0.0,2.2842192317630863
3408,0.0,2.2842192317630863
2802,0.0,2.2842192317630863
4472,0.0,2.2842192317630863
3972,0.0,2.2842192317630863
4616,0.0,2.2842192317630863
1440,14.2,2.2842192317630863
2515,0.0,2.2842192317630863
5061,0.0,2.2842192317630863
3424,0.0,2.2842192317630863
4133,1.9,2.2842192317630863
403,0.0,2.2842192317630863
4121,0.0,2.2842192317630863
5856,1.8,2.2842192317630863
1214,0.0,2.2842192317630863
4713,0.0,2.2842192317630863
5390,26.3,13.450411955627331
6831,0.0,2.2842192317630863
2389,0.0,2.2842192317630863
244,0.0,2.2842192317630863
1328,0.0,2.2842192317630863
594,0.0,2.2842192317630863
2791,0.0,2.2842192317630863
4440,0.0,2.2842192317630863
569,0.0,2.2842192317630863
4545,0.0,2.2842192317630863
6170,0.0,2.2842192317630863
1664,0.0,2.2842192317630863
6263,39.2,2.2842192317630863
2674,0.0,2.2842192317630863
3348,0.0,2.2842192317630863
6701,0.0,2.2842192317630863
6364,0.0,2.2842192317630863
3804,0.0,2.2842192317630863
679,0.0,2.2842192317630863
3363,0.0,2.2842192317630863
5294,4.4,4.035778874722183
5816,0.0,2.2842192317630863
7103,3.0,2.2842192317630863
6506,9.5,20.23770557209383
1996,0.0,2.2842192317630863
2369,0.0,2.2842192317630863
2174,0.0,2.2842192317630863
4051,0.0,2.2842192317630863
3715,0.0,2.2842192317630863
870,0.0,2.2842192317630863
4170,1.8,2.2842192317630863
3524,0.0,2.2842192317630863
2273,0.0,2.2842192317630863
5302,0.0,2.2842192317630863
388,0.0,2.2842192317630863
410,0.0,2.2842192317630863
7004,0.0,2.2842192317630863
142,0.0,2.2842192317630863
1254,0.0,2.2842192317630863
941,0.0,2.2842192317630863
4743,0.0,2.2842192317630863
3811,0.0,2.2842192317630863
4854,0.0,2.2842192317630863
1304,0.0,2.2842192317630863
5233,0.0,2.2842192317630863
3631,0.0,2.2842192317630863
3146,0.0,2.2842192317630863
6806,0.0,2.2842192317630863
928,0.0,2.2842192317630863
1604,0.0,2.2842192317630863
1142,0.0,2.2842192317630863
5867,16.0,2.2842192317630863
2506,0.0,2.2842192317630863
5225,36.0,2.2842192317630863
6729,0.0,2.2842192317630863
3050,0.0,2.2842192317630863
4192,0.0,2.2842192317630863
844,0.0,2.2842192317630863
7203,14.6,2.2842192317630863
726,0.0,2.2842192317630863
7274,0.0,2.2842192317630863
566,0.0,2.2842192317630863
2152,0.0,2.2842192317630863
946,0.0,2.2842192317630863
5852,1.8,2.2842192317630863
7071,0.0,2.2842192317630863
1416,0.0,2.2842192317630863
3122,0.0,2.2842192317630863
1144,0.0,2.2842192317630863
2858,0.0,2.2842192317630863
920,0.0,2.2842192317630863
6192,0.0,2.2842192317630863
4910,0.0,2.2842192317630863
4321,0.0,2.2842192317630863
4380,0.0,2.2842192317630863
5115,4.9,2.2842192317630863
4000,0.0,2.2842192317630863
3081,0.0,2.2842192317630863
6560,19.0,2.2842192317630863
4983,0.0,2.2842192317630863
4048,17.7,12.063760571618044
6866,0.0,2.2842192317630863
1853,0.0,2.2842192317630863
3605,4.4,5.933301821261205
252,0.0,2.2842192317630863
2405,4.4,14.545136732476767
5006,0.0,2.2842192317630863
2538,4.4,28.411650572569613
2716,0.0,2.2842192317630863
5114,2.3,2.2842192317630863
4429,0.0,2.2842192317630863
934,0.0,2.2842192317630863
219,0.0,2.2842192317630863
3293,0.0,2.2842192317630863
